Id,Title,Category,Diagram,Interaction,Priority,State,Changed By,Description,Justification,Last Modified,Possible Mitigation(s),SDL Phase
163,An adversary may gain unauthorized access to Web API due to poor access control checks,Elevation of Privileges,Mango System Diagram,Web App Request,High,Not Started,DESKTOP-C5TV2FF\pkolosov,An adversary may gain unauthorized access to Web API due to poor access control checks,,10/2/2021 10:50:07 PM,Implement proper authorization mechanism in ASP.NET Web API. Refer: &amp;amp;lt;a href=&amp;quot;https://aka.ms/tmtauthz#authz-aspnet&amp;quot;&amp;amp;gt;https://aka.ms/tmtauthz#authz-aspnet&amp;amp;lt;/a&amp;amp;gt;,Implementation
1,An adversary can gain access to sensitive information from an API through error messages,Information Disclosure,Mango System Diagram,Web App Request,High,Not Started,DESKTOP-C5TV2FF\pkolosov,"An adversary can gain access to sensitive data such as the following, through verbose error messages - Server names - Connection strings - Usernames - Passwords - SQL procedures - Details of dynamic SQL failures - Stack trace and lines of code - Variables stored in memory - Drive and folder locations - Application install points - Host configuration settings - Other internal application details ",,10/2/2021 10:50:23 PM,Ensure that proper exception handling is done in ASP.NET Web API. Refer: &amp;amp;lt;a href=&amp;quot;https://aka.ms/tmtxmgmt#exception&amp;quot;&amp;amp;gt;https://aka.ms/tmtxmgmt#exception&amp;amp;lt;/a&amp;amp;gt;,Implementation
2,An adversary can gain access to sensitive data by sniffing traffic to Web API,Information Disclosure,Mango System Diagram,Web App Request,High,Not Started,DESKTOP-C5TV2FF\pkolosov,An adversary can gain access to sensitive data by sniffing traffic to Web API,,10/2/2021 10:50:48 PM,Force all traffic to Web APIs over HTTPS connection. Refer: &amp;amp;lt;a href=&amp;quot;https://aka.ms/tmtcommsec#webapi-https&amp;quot;&amp;amp;gt;https://aka.ms/tmtcommsec#webapi-https&amp;amp;lt;/a&amp;amp;gt;,Implementation
3,An adversary can gain access to sensitive data stored in Web API's config files,Information Disclosure,Mango System Diagram,Web App Request,Medium,Not Started,DESKTOP-C5TV2FF\pkolosov,"An adversary can gain access to the config files. and if sensitive data is stored in it, it would be compromised.",,10/2/2021 10:50:53 PM,Encrypt sections of Web API&amp;#39;s configuration files that contain sensitive data. Refer: &amp;amp;lt;a href=&amp;quot;https://aka.ms/tmtconfigmgmt#config-sensitive&amp;quot;&amp;amp;gt;https://aka.ms/tmtconfigmgmt#config-sensitive&amp;amp;lt;/a&amp;amp;gt;,Implementation
4,Attacker can deny a malicious act on an API leading to repudiation issues,Repudiation,Mango System Diagram,Web App Request,High,Not Started,DESKTOP-C5TV2FF\pkolosov,Attacker can deny a malicious act on an API leading to repudiation issues,,10/2/2021 10:51:03 PM,Ensure that auditing and logging is enforced on Web API. Refer: &amp;amp;lt;a href=&amp;quot;https://aka.ms/tmtauditlog#logging-web-api&amp;quot;&amp;amp;gt;https://aka.ms/tmtauditlog#logging-web-api&amp;amp;lt;/a&amp;amp;gt;,Design
5,An adversary may spoof Mango Web Application and gain access to Web API,Spoofing,Mango System Diagram,Web App Request,High,Not Started,DESKTOP-C5TV2FF\pkolosov,"If proper authentication is not in place, an adversary can spoof a source process or external entity and gain unauthorized access to the Web Application ",,10/2/2021 10:51:10 PM,Ensure that standard authentication techniques are used to secure Web APIs. Refer: &amp;amp;lt;a href=&amp;quot;https://aka.ms/tmtauthn#authn-secure-api&amp;quot;&amp;amp;gt;https://aka.ms/tmtauthn#authn-secure-api&amp;amp;lt;/a&amp;amp;gt;,Design
6,An adversary may inject malicious inputs into an API and affect downstream processes,Tampering,Mango System Diagram,Web App Request,High,Not Started,DESKTOP-C5TV2FF\pkolosov,An adversary may inject malicious inputs into an API and affect downstream processes,,10/2/2021 10:51:15 PM,Ensure that model validation is done on Web API methods. Refer: &amp;amp;lt;a href=&amp;quot;https://aka.ms/tmtinputval#validation-api&amp;quot;&amp;amp;gt;https://aka.ms/tmtinputval#validation-api&amp;amp;lt;/a&amp;amp;gt; Implement input validation on all string type parameters accepted by Web API methods. Refer: &amp;amp;lt;a href=&amp;quot;https://aka.ms/tmtinputval#string-api&amp;quot;&amp;amp;gt;https://aka.ms/tmtinputval#string-api&amp;amp;lt;/a&amp;amp;gt;,Implementation
7,An adversary can gain access to sensitive data by performing SQL injection through Web API,Tampering,Mango System Diagram,Web App Request,High,Not Started,DESKTOP-C5TV2FF\pkolosov,"SQL injection is an attack in which malicious code is inserted into strings that are later passed to an instance of SQL Server for parsing and execution. The primary form of SQL injection consists of direct insertion of code into user-input variables that are concatenated with SQL commands and executed. A less direct attack injects malicious code into strings that are destined for storage in a table or as metadata. When the stored strings are subsequently concatenated into a dynamic SQL command, the malicious code is executed. ",,10/2/2021 10:51:21 PM,Ensure that type-safe parameters are used in Web API for data access. Refer: &amp;amp;lt;a href=&amp;quot;https://aka.ms/tmtinputval#typesafe-api&amp;quot;&amp;amp;gt;https://aka.ms/tmtinputval#typesafe-api&amp;amp;lt;/a&amp;amp;gt;,Implementation
8,An adversary can reverse weakly encrypted or hashed content,Information Disclosure,Mango System Diagram,Web API Response,High,Not Started,DESKTOP-C5TV2FF\pkolosov,An adversary can reverse weakly encrypted or hashed content,,10/2/2021 10:51:30 PM,"Do not expose security details in error messages. Refer: &amp;amp;lt;a href=&amp;quot;https://aka.ms/tmtxmgmt#messages&amp;quot;&amp;amp;gt;https://aka.ms/tmtxmgmt#messages&amp;amp;lt;/a&amp;amp;gt; Implement Default error handling page. Refer: &amp;amp;lt;a href=&amp;quot;https://aka.ms/tmtxmgmt#default&amp;quot;&amp;amp;gt;https://aka.ms/tmtxmgmt#default&amp;amp;lt;/a&amp;amp;gt; Set Deployment Method to Retail in IIS. Refer: &amp;amp;lt;a href=&amp;quot;https://aka.ms/tmtxmgmt#deployment&amp;quot;&amp;amp;gt;https://aka.ms/tmtxmgmt#deployment&amp;amp;lt;/a&amp;amp;gt; Use only approved symmetric block ciphers and key lengths. Refer: &amp;amp;lt;a href=&amp;quot;https://aka.ms/tmtcrypto#cipher-length&amp;quot;&amp;amp;gt;https://aka.ms/tmtcrypto#cipher-length&amp;amp;lt;/a&amp;amp;gt; Use approved block cipher modes and initialization vectors for symmetric ciphers. Refer: &amp;amp;lt;a href=&amp;quot;https://aka.ms/tmtcrypto#vector-ciphers&amp;quot;&amp;amp;gt;https://aka.ms/tmtcrypto#vector-ciphers&amp;amp;lt;/a&amp;amp;gt; Use approved asymmetric algorithms, key lengths, and padding. Refer: &amp;amp;lt;a href=&amp;quot;https://aka.ms/tmtcrypto#padding&amp;quot;&amp;amp;gt;https://aka.ms/tmtcrypto#padding&amp;amp;lt;/a&amp;amp;gt; Use approved random number generators. Refer: &amp;amp;lt;a href=&amp;quot;https://aka.ms/tmtcrypto#numgen&amp;quot;&amp;amp;gt;https://aka.ms/tmtcrypto#numgen&amp;amp;lt;/a&amp;amp;gt; Do not use symmetric stream ciphers. Refer: &amp;amp;lt;a href=&amp;quot;https://aka.ms/tmtcrypto#stream-ciphers&amp;quot;&amp;amp;gt;https://aka.ms/tmtcrypto#stream-ciphers&amp;amp;lt;/a&amp;amp;gt; Use approved MAC/HMAC/keyed hash algorithms. Refer: &amp;amp;lt;a href=&amp;quot;https://aka.ms/tmtcrypto#mac-hash&amp;quot;&amp;amp;gt;https://aka.ms/tmtcrypto#mac-hash&amp;amp;lt;/a&amp;amp;gt; Use only approved cryptographic hash functions. Refer: &amp;amp;lt;a href=&amp;quot;https://aka.ms/tmtcrypto#hash-functions&amp;quot;&amp;amp;gt;https://aka.ms/tmtcrypto#hash-functions&amp;amp;lt;/a&amp;amp;gt; Verify X.509 certificates used to authenticate SSL, TLS, and DTLS connections. Refer: &amp;amp;lt;a href=&amp;quot;https://aka.ms/tmtcommsec#x509-ssltls&amp;quot;&amp;amp;gt;https://aka.ms/tmtcommsec#x509-ssltls&amp;amp;lt;/a&amp;amp;gt;",Implementation
9,An adversary may gain access to sensitive data from log files,Information Disclosure,Mango System Diagram,Web API Response,High,Not Started,DESKTOP-C5TV2FF\pkolosov,An adversary may gain access to sensitive data from log files,,10/2/2021 10:55:46 PM,Ensure that the application does not log sensitive user data. Refer: &amp;amp;lt;a href=&amp;quot;https://aka.ms/tmtauditlog#log-sensitive-data&amp;quot;&amp;amp;gt;https://aka.ms/tmtauditlog#log-sensitive-data&amp;amp;lt;/a&amp;amp;gt; Ensure that Audit and Log Files have Restricted Access. Refer: &amp;amp;lt;a href=&amp;quot;https://aka.ms/tmtauditlog#log-restricted-access&amp;quot;&amp;amp;gt;https://aka.ms/tmtauditlog#log-restricted-access&amp;amp;lt;/a&amp;amp;gt;,Implementation
10,An adversary can gain access to sensitive information through error messages,Information Disclosure,Mango System Diagram,Web API Response,High,Not Started,DESKTOP-C5TV2FF\pkolosov,"An adversary can gain access to sensitive data such as the following, through verbose error messages - Server names  - Connection strings  - Usernames  - Passwords  - SQL procedures  - Details of dynamic SQL failures  - Stack trace and lines of code  - Variables stored in memory  - Drive and folder locations  - Application install points  - Host configuration settings  - Other internal application details ",,10/2/2021 10:55:52 PM,Do not expose security details in error messages. Refer: &amp;amp;lt;a href=&amp;quot;https://aka.ms/tmtxmgmt#messages&amp;quot;&amp;amp;gt;https://aka.ms/tmtxmgmt#messages&amp;amp;lt;/a&amp;amp;gt; Implement Default error handling page. Refer: &amp;amp;lt;a href=&amp;quot;https://aka.ms/tmtxmgmt#default&amp;quot;&amp;amp;gt;https://aka.ms/tmtxmgmt#default&amp;amp;lt;/a&amp;amp;gt; Set Deployment Method to Retail in IIS. Refer: &amp;amp;lt;a href=&amp;quot;https://aka.ms/tmtxmgmt#deployment&amp;quot;&amp;amp;gt;https://aka.ms/tmtxmgmt#deployment&amp;amp;lt;/a&amp;amp;gt; Exceptions should fail safely. Refer: &amp;amp;lt;a href=&amp;quot;https://aka.ms/tmtxmgmt#fail&amp;quot;&amp;amp;gt;https://aka.ms/tmtxmgmt#fail&amp;amp;lt;/a&amp;amp;gt; ASP.NET applications must disable tracing and debugging prior to deployment. Refer: &amp;amp;lt;a href=&amp;quot;https://aka.ms/tmtconfigmgmt#trace-deploy&amp;quot;&amp;amp;gt;https://aka.ms/tmtconfigmgmt#trace-deploy&amp;amp;lt;/a&amp;amp;gt; Implement controls to prevent username enumeration. Refer: &amp;amp;lt;a href=&amp;quot;https://aka.ms/tmtauthn#controls-username-enum&amp;quot;&amp;amp;gt;https://aka.ms/tmtauthn#controls-username-enum&amp;amp;lt;/a&amp;amp;gt;,Implementation
11,Attacker can deny the malicious act and remove the attack foot prints leading to repudiation issues,Repudiation,Mango System Diagram,Web API Response,Medium,Not Started,DESKTOP-C5TV2FF\pkolosov,"Proper logging of all security events and user actions builds traceability in a system and denies any possible repudiation issues. In the absence of proper auditing and logging controls, it would become impossible to implement any accountability in a system",,10/2/2021 10:58:03 PM,Ensure that auditing and logging is enforced on the application. Refer: &amp;amp;lt;a href=&amp;quot;https://aka.ms/tmtauditlog#auditing&amp;quot;&amp;amp;gt;https://aka.ms/tmtauditlog#auditing&amp;amp;lt;/a&amp;amp;gt; Ensure that log rotation and separation are in place. Refer: &amp;amp;lt;a href=&amp;quot;https://aka.ms/tmtauditlog#log-rotation&amp;quot;&amp;amp;gt;https://aka.ms/tmtauditlog#log-rotation&amp;amp;lt;/a&amp;amp;gt; Ensure that Audit and Log Files have Restricted Access. Refer: &amp;amp;lt;a href=&amp;quot;https://aka.ms/tmtauditlog#log-restricted-access&amp;quot;&amp;amp;gt;https://aka.ms/tmtauditlog#log-restricted-access&amp;amp;lt;/a&amp;amp;gt; Ensure that User Management Events are Logged. Refer: &amp;amp;lt;a href=&amp;quot;https://aka.ms/tmtauditlog#user-management&amp;quot;&amp;amp;gt;https://aka.ms/tmtauditlog#user-management&amp;amp;lt;/a&amp;amp;gt;,Implementation
12,An adversary can spoof the target web application due to insecure TLS certificate configuration,Spoofing,Mango System Diagram,Web API Response,High,Not Started,DESKTOP-C5TV2FF\pkolosov,Ensure that TLS certificate parameters are configured with correct values,,10/2/2021 10:58:18 PM,"Verify X.509 certificates used to authenticate SSL, TLS, and DTLS connections. Refer: &amp;amp;lt;a href=&amp;quot;https://aka.ms/tmtcommsec#x509-ssltls&amp;quot;&amp;amp;gt;https://aka.ms/tmtcommsec#x509-ssltls&amp;amp;lt;/a&amp;amp;gt;",Implementation
13,An adversary can steal sensitive data like user credentials,Spoofing,Mango System Diagram,Web API Response,High,Not Started,DESKTOP-C5TV2FF\pkolosov,"Attackers can exploit weaknesses in system to steal user credentials. Downstream and upstream components are often accessed by using credentials stored in configuration stores. Attackers may steal the upstream or downstream component credentials. Attackers may steal credentials if, Credentials are stored and sent in clear text, Weak input validation coupled with dynamic sql queries, Password retrieval mechanism are poor,  ",,10/2/2021 11:33:12 PM,Explicitly disable the autocomplete HTML attribute in sensitive forms and inputs. Refer: &amp;amp;lt;a href=&amp;quot;https://aka.ms/tmtdata#autocomplete-input&amp;quot;&amp;amp;gt;https://aka.ms/tmtdata#autocomplete-input&amp;amp;lt;/a&amp;amp;gt; Perform input validation and filtering on all string type Model properties. Refer: &amp;amp;lt;a href=&amp;quot;https://aka.ms/tmtinputval#typemodel&amp;quot;&amp;amp;gt;https://aka.ms/tmtinputval#typemodel&amp;amp;lt;/a&amp;amp;gt; Validate all redirects within the application are closed or done safely. Refer: &amp;amp;lt;a href=&amp;quot;https://aka.ms/tmtinputval#redirect-safe&amp;quot;&amp;amp;gt;https://aka.ms/tmtinputval#redirect-safe&amp;amp;lt;/a&amp;amp;gt; Enable step up or adaptive authentication. Refer: &amp;amp;lt;a href=&amp;quot;https://aka.ms/tmtauthn#step-up-adaptive-authn&amp;quot;&amp;amp;gt;https://aka.ms/tmtauthn#step-up-adaptive-authn&amp;amp;lt;/a&amp;amp;gt; Implement forgot password functionalities securely. Refer: &amp;amp;lt;a href=&amp;quot;https://aka.ms/tmtauthn#forgot-pword-fxn&amp;quot;&amp;amp;gt;https://aka.ms/tmtauthn#forgot-pword-fxn&amp;amp;lt;/a&amp;amp;gt; Ensure that password and account policy are implemented. Refer: &amp;amp;lt;a href=&amp;quot;https://aka.ms/tmtauthn#pword-account-policy&amp;quot;&amp;amp;gt;https://aka.ms/tmtauthn#pword-account-policy&amp;amp;lt;/a&amp;amp;gt; Implement input validation on all string type parameters accepted by Controller methods. Refer: &amp;amp;lt;a href=&amp;quot;https://aka.ms/tmtinputval#string-method&amp;quot;&amp;amp;gt;https://aka.ms/tmtinputval#string-method&amp;amp;lt;/a&amp;amp;gt;,Implementation
14,An adversary can create a fake website and launch phishing attacks,Spoofing,Mango System Diagram,Web API Response,High,Not Started,DESKTOP-C5TV2FF\pkolosov,"Phishing is attempted to obtain sensitive information such as usernames, passwords, and credit card details (and sometimes, indirectly, money), often for malicious reasons, by masquerading as a Web Server which is a trustworthy entity in electronic communication",,10/2/2021 11:45:26 PM,"Verify X.509 certificates used to authenticate SSL, TLS, and DTLS connections. Refer: &amp;amp;lt;a href=&amp;quot;https://aka.ms/tmtcommsec#x509-ssltls&amp;quot;&amp;amp;gt;https://aka.ms/tmtcommsec#x509-ssltls&amp;amp;lt;/a&amp;amp;gt; Ensure that authenticated ASP.NET pages incorporate UI Redressing or clickjacking defences. Refer: &amp;amp;lt;a href=&amp;quot;https://aka.ms/tmtconfigmgmt#ui-defenses&amp;quot;&amp;amp;gt;https://aka.ms/tmtconfigmgmt#ui-defenses&amp;amp;lt;/a&amp;amp;gt; Validate all redirects within the application are closed or done safely. Refer: &amp;amp;lt;a href=&amp;quot;https://aka.ms/tmtinputval#redirect-safe&amp;quot;&amp;amp;gt;https://aka.ms/tmtinputval#redirect-safe&amp;amp;lt;/a&amp;amp;gt;",Implementation
144,An adversary can gain unauthorized access to database due to lack of network access protection,Elevation of Privileges,Mango System Diagram,DB Request,High,Not Started,,"If there is no restriction at network or host firewall level, to access the database then anyone can attempt to connect to the database from an unauthorized location",,Generated,"Configure a Windows Firewall for Database Engine Access. Refer: <a href=""https://aka.ms/tmtconfigmgmt#firewall-db"">https://aka.ms/tmtconfigmgmt#firewall-db</a>",Implementation
17,An adversary can gain access to sensitive data stored in Web App's config files,Tampering,Mango System Diagram,Web API Response,High,Not Started,DESKTOP-C5TV2FF\pkolosov,"An adversary can gain access to the config files. and if sensitive data is stored in it, it would be compromised.",,10/2/2021 11:32:57 PM,Encrypt sections of Web App&amp;#39;s configuration files that contain sensitive data. Refer: &amp;amp;lt;a href=&amp;quot;https://aka.ms/tmtdata#encrypt-data&amp;quot;&amp;amp;gt;https://aka.ms/tmtdata#encrypt-data&amp;amp;lt;/a&amp;amp;gt;,Implementation
18,An adversary can perform action on behalf of other user due to lack of controls against cross domain requests,Denial of Service,Mango System Diagram,Browser UI Update,High,Not Started,DESKTOP-C5TV2FF\pkolosov,Failure to restrict requests originating from third party domains may result in unauthorized actions or access of data,,10/2/2021 11:32:48 PM,Ensure that authenticated ASP.NET pages incorporate UI Redressing or clickjacking defences. Refer: &amp;amp;lt;a href=&amp;quot;https://aka.ms/tmtconfigmgmt#ui-defenses&amp;quot;&amp;amp;gt;https://aka.ms/tmtconfigmgmt#ui-defenses&amp;amp;lt;/a&amp;amp;gt; Ensure that only trusted origins are allowed if CORS is enabled on ASP.NET Web Applications. Refer: &amp;amp;lt;a href=&amp;quot;https://aka.ms/tmtconfigmgmt#cors-aspnet&amp;quot;&amp;amp;gt;https://aka.ms/tmtconfigmgmt#cors-aspnet&amp;amp;lt;/a&amp;amp;gt; Mitigate against Cross-Site Request Forgery (CSRF) attacks on ASP.NET web pages. Refer: &amp;amp;lt;a href=&amp;quot;https://aka.ms/tmtsmgmt#csrf-asp&amp;quot;&amp;amp;gt;https://aka.ms/tmtsmgmt#csrf-asp&amp;amp;lt;/a&amp;amp;gt;,Implementation
19,An adversary may bypass critical steps or perform actions on behalf of other users (victims) due to improper validation logic,Elevation of Privileges,Mango System Diagram,Browser UI Update,High,Not Started,DESKTOP-C5TV2FF\pkolosov,Failure to restrict the privileges and access rights to the application to individuals who require the privileges or access rights may result into unauthorized use of data due to inappropriate rights settings and validation.,,10/2/2021 11:32:42 PM,Ensure that administrative interfaces are appropriately locked down. Refer: &amp;amp;lt;a href=&amp;quot;https://aka.ms/tmtauthn#admin-interface-lockdown&amp;quot;&amp;amp;gt;https://aka.ms/tmtauthn#admin-interface-lockdown&amp;amp;lt;/a&amp;amp;gt; Enforce sequential step order when processing business logic flows. Refer: &amp;amp;lt;a href=&amp;quot;https://aka.ms/tmtauthz#sequential-logic&amp;quot;&amp;amp;gt;https://aka.ms/tmtauthz#sequential-logic&amp;amp;lt;/a&amp;amp;gt; Ensure that proper authorization is in place and principle of least privileges is followed. Refer: &amp;amp;lt;a href=&amp;quot;https://aka.ms/tmtauthz#principle-least-privilege&amp;quot;&amp;amp;gt;https://aka.ms/tmtauthz#principle-least-privilege&amp;amp;lt;/a&amp;amp;gt; Business logic and resource access authorization decisions should not be based on incoming request parameters. Refer: &amp;amp;lt;a href=&amp;quot;https://aka.ms/tmtauthz#logic-request-parameters&amp;quot;&amp;amp;gt;https://aka.ms/tmtauthz#logic-request-parameters&amp;amp;lt;/a&amp;amp;gt; Ensure that content and resources are not enumerable or accessible via forceful browsing. Refer: &amp;amp;lt;a href=&amp;quot;https://aka.ms/tmtauthz#enumerable-browsing&amp;quot;&amp;amp;gt;https://aka.ms/tmtauthz#enumerable-browsing&amp;amp;lt;/a&amp;amp;gt;,Implementation
20,An adversary can reverse weakly encrypted or hashed content,Information Disclosure,Mango System Diagram,Browser UI Update,High,Not Started,DESKTOP-C5TV2FF\pkolosov,An adversary can reverse weakly encrypted or hashed content,,10/2/2021 11:32:39 PM,"Do not expose security details in error messages. Refer: &amp;amp;lt;a href=&amp;quot;https://aka.ms/tmtxmgmt#messages&amp;quot;&amp;amp;gt;https://aka.ms/tmtxmgmt#messages&amp;amp;lt;/a&amp;amp;gt; Implement Default error handling page. Refer: &amp;amp;lt;a href=&amp;quot;https://aka.ms/tmtxmgmt#default&amp;quot;&amp;amp;gt;https://aka.ms/tmtxmgmt#default&amp;amp;lt;/a&amp;amp;gt; Set Deployment Method to Retail in IIS. Refer: &amp;amp;lt;a href=&amp;quot;https://aka.ms/tmtxmgmt#deployment&amp;quot;&amp;amp;gt;https://aka.ms/tmtxmgmt#deployment&amp;amp;lt;/a&amp;amp;gt; Use only approved symmetric block ciphers and key lengths. Refer: &amp;amp;lt;a href=&amp;quot;https://aka.ms/tmtcrypto#cipher-length&amp;quot;&amp;amp;gt;https://aka.ms/tmtcrypto#cipher-length&amp;amp;lt;/a&amp;amp;gt; Use approved block cipher modes and initialization vectors for symmetric ciphers. Refer: &amp;amp;lt;a href=&amp;quot;https://aka.ms/tmtcrypto#vector-ciphers&amp;quot;&amp;amp;gt;https://aka.ms/tmtcrypto#vector-ciphers&amp;amp;lt;/a&amp;amp;gt; Use approved asymmetric algorithms, key lengths, and padding. Refer: &amp;amp;lt;a href=&amp;quot;https://aka.ms/tmtcrypto#padding&amp;quot;&amp;amp;gt;https://aka.ms/tmtcrypto#padding&amp;amp;lt;/a&amp;amp;gt; Use approved random number generators. Refer: &amp;amp;lt;a href=&amp;quot;https://aka.ms/tmtcrypto#numgen&amp;quot;&amp;amp;gt;https://aka.ms/tmtcrypto#numgen&amp;amp;lt;/a&amp;amp;gt; Do not use symmetric stream ciphers. Refer: &amp;amp;lt;a href=&amp;quot;https://aka.ms/tmtcrypto#stream-ciphers&amp;quot;&amp;amp;gt;https://aka.ms/tmtcrypto#stream-ciphers&amp;amp;lt;/a&amp;amp;gt; Use approved MAC/HMAC/keyed hash algorithms. Refer: &amp;amp;lt;a href=&amp;quot;https://aka.ms/tmtcrypto#mac-hash&amp;quot;&amp;amp;gt;https://aka.ms/tmtcrypto#mac-hash&amp;amp;lt;/a&amp;amp;gt; Use only approved cryptographic hash functions. Refer: &amp;amp;lt;a href=&amp;quot;https://aka.ms/tmtcrypto#hash-functions&amp;quot;&amp;amp;gt;https://aka.ms/tmtcrypto#hash-functions&amp;amp;lt;/a&amp;amp;gt; Verify X.509 certificates used to authenticate SSL, TLS, and DTLS connections. Refer: &amp;amp;lt;a href=&amp;quot;https://aka.ms/tmtcommsec#x509-ssltls&amp;quot;&amp;amp;gt;https://aka.ms/tmtcommsec#x509-ssltls&amp;amp;lt;/a&amp;amp;gt;",Implementation
21,An adversary may gain access to sensitive data from log files,Information Disclosure,Mango System Diagram,Browser UI Update,High,Not Started,DESKTOP-C5TV2FF\pkolosov,An adversary may gain access to sensitive data from log files,,10/2/2021 11:21:26 PM,Ensure that the application does not log sensitive user data. Refer: &amp;amp;lt;a href=&amp;quot;https://aka.ms/tmtauditlog#log-sensitive-data&amp;quot;&amp;amp;gt;https://aka.ms/tmtauditlog#log-sensitive-data&amp;amp;lt;/a&amp;amp;gt; Ensure that Audit and Log Files have Restricted Access. Refer: &amp;amp;lt;a href=&amp;quot;https://aka.ms/tmtauditlog#log-restricted-access&amp;quot;&amp;amp;gt;https://aka.ms/tmtauditlog#log-restricted-access&amp;amp;lt;/a&amp;amp;gt;,Implementation
30,An adversary can spoof the target web application due to insecure TLS certificate configuration,Spoofing,Mango System Diagram,Browser UI Update,High,Not Started,DESKTOP-C5TV2FF\pkolosov,Ensure that TLS certificate parameters are configured with correct values,,10/2/2021 10:56:05 PM,"Verify X.509 certificates used to authenticate SSL, TLS, and DTLS connections. Refer: &amp;amp;lt;a href=&amp;quot;https://aka.ms/tmtcommsec#x509-ssltls&amp;quot;&amp;amp;gt;https://aka.ms/tmtcommsec#x509-ssltls&amp;amp;lt;/a&amp;amp;gt;",Implementation
31,An adversary can steal sensitive data like user credentials,Spoofing,Mango System Diagram,Browser UI Update,High,Not Started,DESKTOP-C5TV2FF\pkolosov,"Attackers can exploit weaknesses in system to steal user credentials. Downstream and upstream components are often accessed by using credentials stored in configuration stores. Attackers may steal the upstream or downstream component credentials. Attackers may steal credentials if, Credentials are stored and sent in clear text, Weak input validation coupled with dynamic sql queries, Password retrieval mechanism are poor,  ",,10/2/2021 10:56:15 PM,Explicitly disable the autocomplete HTML attribute in sensitive forms and inputs. Refer: &amp;amp;lt;a href=&amp;quot;https://aka.ms/tmtdata#autocomplete-input&amp;quot;&amp;amp;gt;https://aka.ms/tmtdata#autocomplete-input&amp;amp;lt;/a&amp;amp;gt; Perform input validation and filtering on all string type Model properties. Refer: &amp;amp;lt;a href=&amp;quot;https://aka.ms/tmtinputval#typemodel&amp;quot;&amp;amp;gt;https://aka.ms/tmtinputval#typemodel&amp;amp;lt;/a&amp;amp;gt; Validate all redirects within the application are closed or done safely. Refer: &amp;amp;lt;a href=&amp;quot;https://aka.ms/tmtinputval#redirect-safe&amp;quot;&amp;amp;gt;https://aka.ms/tmtinputval#redirect-safe&amp;amp;lt;/a&amp;amp;gt; Enable step up or adaptive authentication. Refer: &amp;amp;lt;a href=&amp;quot;https://aka.ms/tmtauthn#step-up-adaptive-authn&amp;quot;&amp;amp;gt;https://aka.ms/tmtauthn#step-up-adaptive-authn&amp;amp;lt;/a&amp;amp;gt; Implement forgot password functionalities securely. Refer: &amp;amp;lt;a href=&amp;quot;https://aka.ms/tmtauthn#forgot-pword-fxn&amp;quot;&amp;amp;gt;https://aka.ms/tmtauthn#forgot-pword-fxn&amp;amp;lt;/a&amp;amp;gt; Ensure that password and account policy are implemented. Refer: &amp;amp;lt;a href=&amp;quot;https://aka.ms/tmtauthn#pword-account-policy&amp;quot;&amp;amp;gt;https://aka.ms/tmtauthn#pword-account-policy&amp;amp;lt;/a&amp;amp;gt; Implement input validation on all string type parameters accepted by Controller methods. Refer: &amp;amp;lt;a href=&amp;quot;https://aka.ms/tmtinputval#string-method&amp;quot;&amp;amp;gt;https://aka.ms/tmtinputval#string-method&amp;amp;lt;/a&amp;amp;gt;,Implementation
130,An adversary can gain access to sensitive data by performing SQL injection through Web API,Tampering,Mango System Diagram,Mobile App Request,High,Not Started,,"SQL injection is an attack in which malicious code is inserted into strings that are later passed to an instance of SQL Server for parsing and execution. The primary form of SQL injection consists of direct insertion of code into user-input variables that are concatenated with SQL commands and executed. A less direct attack injects malicious code into strings that are destined for storage in a table or as metadata. When the stored strings are subsequently concatenated into a dynamic SQL command, the malicious code is executed. ",,Generated,"Ensure that type-safe parameters are used in Web API for data access. Refer: <a href=""https://aka.ms/tmtinputval#typesafe-api"">https://aka.ms/tmtinputval#typesafe-api</a>",Implementation
129,An adversary can reverse engineer and tamper binaries,Tampering,Mango System Diagram,Mobile App Request,High,Not Started,,"An adversary can use various tools, reverse engineer binaries and abuse them by tampering",,Generated,"Obfuscate generated binaries before distributing to end users. Refer: <a href=""https://aka.ms/tmtdata#binaries-end"">https://aka.ms/tmtdata#binaries-end</a>",Design
128,An adversary may inject malicious inputs into an API and affect downstream processes,Tampering,Mango System Diagram,Mobile App Request,High,Not Started,,An adversary may inject malicious inputs into an API and affect downstream processes,,Generated,"Ensure that model validation is done on Web API methods. Refer: <a href=""https://aka.ms/tmtinputval#validation-api"">https://aka.ms/tmtinputval#validation-api</a>  Implement input validation on all string type parameters accepted by Web API methods. Refer: <a href=""https://aka.ms/tmtinputval#string-api"">https://aka.ms/tmtinputval#string-api</a>",Implementation
127,"An adversary may spoof Mobile App (IOS, Android) and gain access to Web API",Spoofing,Mango System Diagram,Mobile App Request,High,Not Started,,"If proper authentication is not in place, an adversary can spoof a source process or external entity and gain unauthorized access to the Web Application ",,Generated,"Ensure that standard authentication techniques are used to secure Web APIs. Refer: <a href=""https://aka.ms/tmtauthn#authn-secure-api"">https://aka.ms/tmtauthn#authn-secure-api</a>",Design
126,"An adversary obtains refresh or access tokens from Mobile App (IOS, Android) and uses them to obtain access to the Mango Web API API",Spoofing,Mango System Diagram,Mobile App Request,High,Not Started,,"On a public client (e.g. a mobile device), refresh tokens may be stolen and used by an attacker to obtain access to the API. Depending on the client type, there are different ways that tokens may be revealed to an attacker and therefore different ways to protect them, some involving how the software using the tokens requests, stores and refreshes them.",,Generated,"Use ADAL libraries to manage token requests from OAuth2 clients to AAD (or on-premises AD). Refer: <a href=""https://aka.ms/tmtauthn#adal-oauth2"">https://aka.ms/tmtauthn#adal-oauth2</a>",Implementation
125,Attacker can deny a malicious act on an API leading to repudiation issues,Repudiation,Mango System Diagram,Mobile App Request,High,Not Started,,Attacker can deny a malicious act on an API leading to repudiation issues,,Generated,"Ensure that auditing and logging is enforced on Web API. Refer: <a href=""https://aka.ms/tmtauditlog#logging-web-api"">https://aka.ms/tmtauditlog#logging-web-api</a>",Design
124,An adversary can gain access to sensitive data stored in Web API's config files,Information Disclosure,Mango System Diagram,Mobile App Request,Medium,Not Started,,"An adversary can gain access to the config files. and if sensitive data is stored in it, it would be compromised.",,Generated,"Encrypt sections of Web API's configuration files that contain sensitive data. Refer: <a href=""https://aka.ms/tmtconfigmgmt#config-sensitive"">https://aka.ms/tmtconfigmgmt#config-sensitive</a>",Implementation
123,An adversary can gain sensitive data from mobile device,Information Disclosure,Mango System Diagram,Mobile App Request,High,Not Started,,"If application saves sensitive PII or HBI data on phone SD card or local storage, then it ay get stolen.",,Generated,"Encrypt sensitive or PII data written to phones local storage. Refer: <a href=""https://aka.ms/tmtdata#pii-phones"">https://aka.ms/tmtdata#pii-phones</a>",Implementation
122,An adversary can gain access to sensitive data by sniffing traffic to Web API,Information Disclosure,Mango System Diagram,Mobile App Request,High,Not Started,,An adversary can gain access to sensitive data by sniffing traffic to Web API,,Generated,"Force all traffic to Web APIs over HTTPS connection. Refer: <a href=""https://aka.ms/tmtcommsec#webapi-https"">https://aka.ms/tmtcommsec#webapi-https</a>",Implementation
121,An adversary can gain access to sensitive data by sniffing traffic from Mobile client,Information Disclosure,Mango System Diagram,Mobile App Request,High,Not Started,,An adversary can gain access to sensitive data by sniffing traffic from Mobile client,,Generated,"Implement Certificate Pinning. Refer: <a href=""https://aka.ms/tmtcommsec#cert-pinning"">https://aka.ms/tmtcommsec#cert-pinning</a>",Implementation
120,An adversary can gain access to sensitive information from an API through error messages,Information Disclosure,Mango System Diagram,Mobile App Request,High,Not Started,,"An adversary can gain access to sensitive data such as the following, through verbose error messages - Server names - Connection strings - Usernames - Passwords - SQL procedures - Details of dynamic SQL failures - Stack trace and lines of code - Variables stored in memory - Drive and folder locations - Application install points - Host configuration settings - Other internal application details ",,Generated,"Ensure that proper exception handling is done in ASP.NET Web API. Refer: <a href=""https://aka.ms/tmtxmgmt#exception"">https://aka.ms/tmtxmgmt#exception</a>",Implementation
119,An adversary may gain unauthorized access to Web API due to poor access control checks,Elevation of Privileges,Mango System Diagram,Mobile App Request,High,Not Started,,An adversary may gain unauthorized access to Web API due to poor access control checks,,Generated,"Implement proper authorization mechanism in ASP.NET Web API. Refer: <a href=""https://aka.ms/tmtauthz#authz-aspnet"">https://aka.ms/tmtauthz#authz-aspnet</a>",Implementation
118,An adversary may jail break into a mobile device and gain elevated privileges,Elevation of Privileges,Mango System Diagram,Mobile App Request,High,Not Started,,An adversary may jail break into a mobile device and gain elevated privileges,,Generated,"Implement implicit jailbreak or rooting detection. Refer: <a href=""https://aka.ms/tmtauthz#rooting-detection"">https://aka.ms/tmtauthz#rooting-detection</a>",Design
117,An adversary can gain access to sensitive data stored in Web App's config files,Tampering,Mango System Diagram,Browser UI Update,High,Not Started,,"An adversary can gain access to the config files. and if sensitive data is stored in it, it would be compromised.",,Generated,"Encrypt sections of Web App's configuration files that contain sensitive data. Refer: <a href=""https://aka.ms/tmtdata#encrypt-data"">https://aka.ms/tmtdata#encrypt-data</a>",Implementation
116,An adversary can gain access to sensitive data by performing SQL injection through Web App,Tampering,Mango System Diagram,Browser UI Update,High,Not Started,,"SQL injection is an attack in which malicious code is inserted into strings that are later passed to an instance of SQL Server for parsing and execution. The primary form of SQL injection consists of direct insertion of code into user-input variables that are concatenated with SQL commands and executed. A less direct attack injects malicious code into strings that are destined for storage in a table or as metadata. When the stored strings are subsequently concatenated into a dynamic SQL command, the malicious code is executed. ",,Generated,"Ensure that type-safe parameters are used in Web Application for data access. Refer: <a href=""https://aka.ms/tmtinputval#typesafe"">https://aka.ms/tmtinputval#typesafe</a>",Implementation
115,An attacker steals messages off the network and replays them in order to steal a user's session,Tampering,Mango System Diagram,Browser UI Update,High,Not Started,,An attacker steals messages off the network and replays them in order to steal a user's session,,Generated,,Implementation
114,An adversary can deface the target web application by injecting malicious code or uploading dangerous files,Tampering,Mango System Diagram,Browser UI Update,High,Not Started,,"Website defacement is an attack on a website where the attacker changes the visual appearance of the site or a webpage. ",,Generated,"Implement Content Security Policy (CSP), and disable inline javascript. Refer: <a href=""https://aka.ms/tmtconfigmgmt#csp-js"">https://aka.ms/tmtconfigmgmt#csp-js</a>  Enable browser's XSS filter. Refer: <a href=""https://aka.ms/tmtconfigmgmt#xss-filter"">https://aka.ms/tmtconfigmgmt#xss-filter</a>  Access third party javascripts from trusted sources only. Refer: <a href=""https://aka.ms/tmtconfigmgmt#js-trusted"">https://aka.ms/tmtconfigmgmt#js-trusted</a>  Enable ValidateRequest attribute on ASP.NET Pages. Refer: <a href=""https://aka.ms/tmtconfigmgmt#validate-aspnet"">https://aka.ms/tmtconfigmgmt#validate-aspnet</a>  Ensure that each page that could contain user controllable content opts out of automatic MIME sniffing . Refer: <a href=""https://aka.ms/tmtinputval#out-sniffing"">https://aka.ms/tmtinputval#out-sniffing</a>  Use locally-hosted latest versions of JavaScript libraries . Refer: <a href=""https://aka.ms/tmtconfigmgmt#local-js"">https://aka.ms/tmtconfigmgmt#local-js</a>  Ensure appropriate controls are in place when accepting files from users. Refer: <a href=""https://aka.ms/tmtinputval#controls-users"">https://aka.ms/tmtinputval#controls-users</a>  Disable automatic MIME sniffing. Refer: <a href=""https://aka.ms/tmtconfigmgmt#mime-sniff"">https://aka.ms/tmtconfigmgmt#mime-sniff</a>  Encode untrusted web output prior to rendering. Refer: <a href=""https://aka.ms/tmtinputval#rendering"">https://aka.ms/tmtinputval#rendering</a>  Perform input validation and filtering on all string type Model properties. Refer: <a href=""https://aka.ms/tmtinputval#typemodel"">https://aka.ms/tmtinputval#typemodel</a>  Ensure that the system has inbuilt defences against misuse. Refer: <a href=""https://aka.ms/tmtauditlog#inbuilt-defenses"">https://aka.ms/tmtauditlog#inbuilt-defenses</a>  Enable HTTP Strict Transport Security (HSTS). Refer: <a href=""https://aka.ms/tmtcommsec#http-hsts"">https://aka.ms/tmtcommsec#http-hsts</a>  Implement input validation on all string type parameters accepted by Controller methods. Refer: <a href=""https://aka.ms/tmtinputval#string-method"">https://aka.ms/tmtinputval#string-method</a>  Avoid using Html.Raw in Razor views. Refer: <a href=""https://aka.ms/tmtinputval#html-razor"">https://aka.ms/tmtinputval#html-razor</a>  Sanitization should be applied on form fields that accept all characters e.g, rich text editor . Refer: <a href=""https://aka.ms/tmtinputval#richtext"">https://aka.ms/tmtinputval#richtext</a>  Do not assign DOM elements to sinks that do not have inbuilt encoding . Refer: <a href=""https://aka.ms/tmtinputval#inbuilt-encode"">https://aka.ms/tmtinputval#inbuilt-encode</a>",Implementation
113,An adversary may spoof Desktop Web Browser (Chrome) and gain access to Web Application,Spoofing,Mango System Diagram,Browser UI Update,High,Not Started,,"If proper authentication is not in place, an adversary can spoof a source process or external entity and gain unauthorized access to the Web Application",,Generated,"Consider using a standard authentication mechanism to authenticate to Web Application. Refer: <a href=""https://aka.ms/tmtauthn#standard-authn-web-app"">https://aka.ms/tmtauthn#standard-authn-web-app</a>",Design
112,An adversary can create a fake website and launch phishing attacks,Spoofing,Mango System Diagram,Browser UI Update,High,Not Started,,"Phishing is attempted to obtain sensitive information such as usernames, passwords, and credit card details (and sometimes, indirectly, money), often for malicious reasons, by masquerading as a Web Server which is a trustworthy entity in electronic communication",,Generated,"Verify X.509 certificates used to authenticate SSL, TLS, and DTLS connections. Refer: <a href=""https://aka.ms/tmtcommsec#x509-ssltls"">https://aka.ms/tmtcommsec#x509-ssltls</a>  Ensure that authenticated ASP.NET pages incorporate UI Redressing or clickjacking defences. Refer: <a href=""https://aka.ms/tmtconfigmgmt#ui-defenses"">https://aka.ms/tmtconfigmgmt#ui-defenses</a>  Validate all redirects within the application are closed or done safely. Refer: <a href=""https://aka.ms/tmtinputval#redirect-safe"">https://aka.ms/tmtinputval#redirect-safe</a>",Implementation
111,Attackers can steal user session cookies due to insecure cookie attributes,Spoofing,Mango System Diagram,Browser UI Update,High,Not Started,,"The session cookies is the identifier by which the server knows the identity of current user for each incoming request. If the attacker is able to steal the user token he would be able to access all user data and perform all actions on behalf of user. ",,Generated,"Applications available over HTTPS must use secure cookies. Refer: <a href=""https://aka.ms/tmtsmgmt#https-secure-cookies"">https://aka.ms/tmtsmgmt#https-secure-cookies</a>  All http based application should specify http only for cookie definition. Refer: <a href=""https://aka.ms/tmtsmgmt#cookie-definition"">https://aka.ms/tmtsmgmt#cookie-definition</a>",Implementation
110,An adversary can get access to a user's session due to insecure coding practices,Spoofing,Mango System Diagram,Browser UI Update,High,Not Started,,The session cookies is the identifier by which the server knows the identity of current user for each incoming request. If the attacker is able to steal the user token he would be able to access all user data and perform all actions on behalf of user.,,Generated,"Enable ValidateRequest attribute on ASP.NET Pages. Refer: <a href=""https://aka.ms/tmtconfigmgmt#validate-aspnet"">https://aka.ms/tmtconfigmgmt#validate-aspnet</a>  Encode untrusted web output prior to rendering. Refer: <a href=""https://aka.ms/tmtinputval#rendering"">https://aka.ms/tmtinputval#rendering</a>  Avoid using Html.Raw in Razor views. Refer: <a href=""https://aka.ms/tmtinputval#html-razor"">https://aka.ms/tmtinputval#html-razor</a>  Sanitization should be applied on form fields that accept all characters e.g, rich text editor . Refer: <a href=""https://aka.ms/tmtinputval#richtext"">https://aka.ms/tmtinputval#richtext</a>  Do not assign DOM elements to sinks that do not have inbuilt encoding . Refer: <a href=""https://aka.ms/tmtinputval#inbuilt-encode"">https://aka.ms/tmtinputval#inbuilt-encode</a>",Implementation
109,An adversary can get access to a user's session due to improper logout and timeout,Spoofing,Mango System Diagram,Browser UI Update,High,Not Started,,The session cookies is the identifier by which the server knows the identity of current user for each incoming request. If the attacker is able to steal the user token he would be able to access all user data and perform all actions on behalf of user.,,Generated,"Set up session for inactivity lifetime. Refer: <a href=""https://aka.ms/tmtsmgmt#inactivity-lifetime"">https://aka.ms/tmtsmgmt#inactivity-lifetime</a>  Implement proper logout from the application. Refer: <a href=""https://aka.ms/tmtsmgmt#proper-app-logout"">https://aka.ms/tmtsmgmt#proper-app-logout</a>",Implementation
108,Attacker can deny the malicious act and remove the attack foot prints leading to repudiation issues,Repudiation,Mango System Diagram,Browser UI Update,Medium,Not Started,,"Proper logging of all security events and user actions builds traceability in a system and denies any possible repudiation issues. In the absence of proper auditing and logging controls, it would become impossible to implement any accountability in a system",,Generated,"Ensure that auditing and logging is enforced on the application. Refer: <a href=""https://aka.ms/tmtauditlog#auditing"">https://aka.ms/tmtauditlog#auditing</a>  Ensure that log rotation and separation are in place. Refer: <a href=""https://aka.ms/tmtauditlog#log-rotation"">https://aka.ms/tmtauditlog#log-rotation</a>  Ensure that Audit and Log Files have Restricted Access. Refer: <a href=""https://aka.ms/tmtauditlog#log-restricted-access"">https://aka.ms/tmtauditlog#log-restricted-access</a>  Ensure that User Management Events are Logged. Refer: <a href=""https://aka.ms/tmtauditlog#user-management"">https://aka.ms/tmtauditlog#user-management</a>",Implementation
107,An adversary may gain access to sensitive data from uncleared browser cache,Information Disclosure,Mango System Diagram,Browser UI Update,High,Not Started,,An adversary may gain access to sensitive data from uncleared browser cache,,Generated,"Ensure that sensitive content is not cached on the browser. Refer: <a href=""https://aka.ms/tmtdata#cache-browser"">https://aka.ms/tmtdata#cache-browser</a>",Implementation
106,An adversary can gain access to sensitive information through error messages,Information Disclosure,Mango System Diagram,Browser UI Update,High,Not Started,,"An adversary can gain access to sensitive data such as the following, through verbose error messages - Server names  - Connection strings  - Usernames  - Passwords  - SQL procedures  - Details of dynamic SQL failures  - Stack trace and lines of code  - Variables stored in memory  - Drive and folder locations  - Application install points  - Host configuration settings  - Other internal application details ",,Generated,"Do not expose security details in error messages. Refer: <a href=""https://aka.ms/tmtxmgmt#messages"">https://aka.ms/tmtxmgmt#messages</a>  Implement Default error handling page. Refer: <a href=""https://aka.ms/tmtxmgmt#default"">https://aka.ms/tmtxmgmt#default</a>  Set Deployment Method to Retail in IIS. Refer: <a href=""https://aka.ms/tmtxmgmt#deployment"">https://aka.ms/tmtxmgmt#deployment</a>  Exceptions should fail safely. Refer: <a href=""https://aka.ms/tmtxmgmt#fail"">https://aka.ms/tmtxmgmt#fail</a>  ASP.NET applications must disable tracing and debugging prior to deployment. Refer: <a href=""https://aka.ms/tmtconfigmgmt#trace-deploy"">https://aka.ms/tmtconfigmgmt#trace-deploy</a>  Implement controls to prevent username enumeration. Refer: <a href=""https://aka.ms/tmtauthn#controls-username-enum"">https://aka.ms/tmtauthn#controls-username-enum</a>",Implementation
105,An adversary can gain access to sensitive data by sniffing traffic to Web Application,Information Disclosure,Mango System Diagram,Browser UI Update,High,Not Started,,"An adversary may conduct man in the middle attack and downgrade TLS connection to clear text protocol, or forcing browser communication to pass through a proxy server that he controls. This may happen because the application may use mixed content or HTTP Strict Transport Security policy is not ensured.",,Generated,"Applications available over HTTPS must use secure cookies. Refer: <a href=""https://aka.ms/tmtsmgmt#https-secure-cookies"">https://aka.ms/tmtsmgmt#https-secure-cookies</a>  Enable HTTP Strict Transport Security (HSTS). Refer: <a href=""https://aka.ms/tmtcommsec#http-hsts"">https://aka.ms/tmtcommsec#http-hsts</a>",Implementation
104,An adversary can gain access to certain pages or the site as a whole.,Information Disclosure,Mango System Diagram,Browser UI Update,Medium,Not Started,,Robots.txt is often found in your site's root directory and exists to regulate the bots that crawl your site. This is where you can grant or deny permission to all or some specific search engine robots to access certain pages or your site as a whole. The standard for this file was developed in 1994 and is known as the Robots Exclusion Standard or Robots Exclusion Protocol. Detailed info about the robots.txt protocol can be found at robotstxt.org.,,Generated,"Ensure that administrative interfaces are appropriately locked down. Refer: <a href=""https://aka.ms/tmtauthn#admin-interface-lockdown"">https://aka.ms/tmtauthn#admin-interface-lockdown</a>",Implementation
103,An adversary may gain access to unmasked sensitive data such as credit card numbers,Information Disclosure,Mango System Diagram,Browser UI Update,High,Not Started,,An adversary may gain access to unmasked sensitive data such as credit card numbers,,Generated,"Ensure that sensitive data displayed on the user screen is masked. Refer: <a href=""https://aka.ms/tmtdata#data-mask"">https://aka.ms/tmtdata#data-mask</a>",Implementation
102,An adversary can gain access to sensitive data by performing SQL injection through Web App,Tampering,Mango System Diagram,Web API Response,High,Not Started,,"SQL injection is an attack in which malicious code is inserted into strings that are later passed to an instance of SQL Server for parsing and execution. The primary form of SQL injection consists of direct insertion of code into user-input variables that are concatenated with SQL commands and executed. A less direct attack injects malicious code into strings that are destined for storage in a table or as metadata. When the stored strings are subsequently concatenated into a dynamic SQL command, the malicious code is executed. ",,Generated,"Ensure that type-safe parameters are used in Web Application for data access. Refer: <a href=""https://aka.ms/tmtinputval#typesafe"">https://aka.ms/tmtinputval#typesafe</a>",Implementation
101,An adversary may spoof Mango Web API and gain access to Web Application,Spoofing,Mango System Diagram,Web API Response,High,Not Started,,"If proper authentication is not in place, an adversary can spoof a source process or external entity and gain unauthorized access to the Web Application",,Generated,"Consider using a standard authentication mechanism to authenticate to Web Application. Refer: <a href=""https://aka.ms/tmtauthn#standard-authn-web-app"">https://aka.ms/tmtauthn#standard-authn-web-app</a>",Design
87,An adversary can gain unauthorized access to database due to loose authorization rules,Elevation of Privileges,Mango System Diagram,DB Request,High,Not Started,DESKTOP-C5TV2FF\pkolosov,"Database access should be configured with roles and privilege based on least privilege and need to know principle. ",,10/2/2021 11:21:36 PM,Ensure that least-privileged accounts are used to connect to Database server. Refer: &amp;amp;lt;a href=&amp;quot;https://aka.ms/tmtauthz#privileged-server&amp;quot;&amp;amp;gt;https://aka.ms/tmtauthz#privileged-server&amp;amp;lt;/a&amp;amp;gt; Implement Row Level Security RLS to prevent tenants from accessing each others data. Refer: &amp;amp;lt;a href=&amp;quot;https://aka.ms/tmtauthz#rls-tenants&amp;quot;&amp;amp;gt;https://aka.ms/tmtauthz#rls-tenants&amp;amp;lt;/a&amp;amp;gt; Sysadmin role should only have valid necessary users . Refer: &amp;amp;lt;a href=&amp;quot;https://aka.ms/tmtauthz#sysadmin-users&amp;quot;&amp;amp;gt;https://aka.ms/tmtauthz#sysadmin-users&amp;amp;lt;/a&amp;amp;gt;,Implementation
88,An adversary can gain access to sensitive PII or HBI data in database,Information Disclosure,Mango System Diagram,DB Request,High,Not Started,DESKTOP-C5TV2FF\pkolosov,"Additional controls like Transparent Data Encryption, Column Level Encryption, EKM etc. provide additional protection mechanism to high value PII or HBI data. ",,10/2/2021 11:21:42 PM,Use strong encryption algorithms to encrypt data in the database. Refer: &amp;amp;lt;a href=&amp;quot;https://aka.ms/tmtcrypto#strong-db&amp;quot;&amp;amp;gt;https://aka.ms/tmtcrypto#strong-db&amp;amp;lt;/a&amp;amp;gt; Ensure that sensitive data in database columns is encrypted. Refer: &amp;amp;lt;a href=&amp;quot;https://aka.ms/tmtdata#db-encrypted&amp;quot;&amp;amp;gt;https://aka.ms/tmtdata#db-encrypted&amp;amp;lt;/a&amp;amp;gt; Ensure that database-level encryption (TDE) is enabled. Refer: &amp;amp;lt;a href=&amp;quot;https://aka.ms/tmtdata#tde-enabled&amp;quot;&amp;amp;gt;https://aka.ms/tmtdata#tde-enabled&amp;amp;lt;/a&amp;amp;gt; Ensure that database backups are encrypted. Refer: &amp;amp;lt;a href=&amp;quot;https://aka.ms/tmtdata#backup&amp;quot;&amp;amp;gt;https://aka.ms/tmtdata#backup&amp;amp;lt;/a&amp;amp;gt; Use SQL server EKM to protect encryption keys. Refer: &amp;amp;lt;a href=&amp;quot;https://aka.ms/tmtcrypto#ekm-keys&amp;quot;&amp;amp;gt;https://aka.ms/tmtcrypto#ekm-keys&amp;amp;lt;/a&amp;amp;gt; Use AlwaysEncrypted feature if encryption keys should not be revealed to Database engine. Refer: &amp;amp;lt;a href=&amp;quot;https://aka.ms/tmtcrypto#keys-engine&amp;quot;&amp;amp;gt;https://aka.ms/tmtcrypto#keys-engine&amp;amp;lt;/a&amp;amp;gt;,Implementation
89,An adversary can gain access to sensitive data by performing SQL injection,Information Disclosure,Mango System Diagram,DB Request,High,Not Started,DESKTOP-C5TV2FF\pkolosov,"SQL injection is an attack in which malicious code is inserted into strings that are later passed to an instance of SQL Server for parsing and execution. The primary form of SQL injection consists of direct insertion of code into user-input variables that are concatenated with SQL commands and executed. A less direct attack injects malicious code into strings that are destined for storage in a table or as metadata. When the stored strings are subsequently concatenated into a dynamic SQL command, the malicious code is executed. ",,10/2/2021 11:21:52 PM,Ensure that login auditing is enabled on SQL Server. Refer: &amp;amp;lt;a href=&amp;quot;https://aka.ms/tmtauditlog#identify-sensitive-entities&amp;quot;&amp;amp;gt;https://aka.ms/tmtauditlog#identify-sensitive-entities&amp;amp;lt;/a&amp;amp;gt; Ensure that least-privileged accounts are used to connect to Database server. Refer: &amp;amp;lt;a href=&amp;quot;https://aka.ms/tmtauthz#privileged-server&amp;quot;&amp;amp;gt;https://aka.ms/tmtauthz#privileged-server&amp;amp;lt;/a&amp;amp;gt; Enable Threat detection on Azure SQL database. Refer: &amp;amp;lt;a href=&amp;quot;https://aka.ms/tmtauditlog#threat-detection&amp;quot;&amp;amp;gt;https://aka.ms/tmtauditlog#threat-detection&amp;amp;lt;/a&amp;amp;gt; Do not use dynamic queries in stored procedures. Refer: &amp;amp;lt;a href=&amp;quot;https://aka.ms/tmtinputval#stored-proc&amp;quot;&amp;amp;gt;https://aka.ms/tmtinputval#stored-proc&amp;amp;lt;/a&amp;amp;gt;,Implementation
90,An adversary can deny actions on database due to lack of auditing,Repudiation,Mango System Diagram,DB Request,Medium,Not Started,DESKTOP-C5TV2FF\pkolosov,"Proper logging of all security events and user actions builds traceability in a system and denies any possible repudiation issues. In the absence of proper auditing and logging controls, it would become impossible to implement any accountability in a system.",,10/2/2021 11:21:57 PM,Ensure that login auditing is enabled on SQL Server. Refer: &amp;amp;lt;a href=&amp;quot;https://aka.ms/tmtauditlog#identify-sensitive-entities&amp;quot;&amp;amp;gt;https://aka.ms/tmtauditlog#identify-sensitive-entities&amp;amp;lt;/a&amp;amp;gt;,Implementation
91,An adversary can tamper critical database securables and deny the action,Tampering,Mango System Diagram,DB Request,High,Not Started,DESKTOP-C5TV2FF\pkolosov,An adversary can tamper critical database securables and deny the action,,10/2/2021 11:22:05 PM,Add digital signature to critical database securables. Refer: &amp;amp;lt;a href=&amp;quot;https://aka.ms/tmtcrypto#securables-db&amp;quot;&amp;amp;gt;https://aka.ms/tmtcrypto#securables-db&amp;amp;lt;/a&amp;amp;gt;,Design
92,An adversary may leverage the lack of monitoring systems and trigger anomalous traffic to database,Tampering,Mango System Diagram,DB Request,High,Not Started,DESKTOP-C5TV2FF\pkolosov,An adversary may leverage the lack of intrusion detection and prevention  of anomalous database activities and  trigger anomalous traffic to database,,10/2/2021 10:56:45 PM,Enable Threat detection on Azure SQL database. Refer: &amp;amp;lt;a href=&amp;quot;https://aka.ms/tmtauditlog#threat-detection&amp;quot;&amp;amp;gt;https://aka.ms/tmtauditlog#threat-detection&amp;amp;lt;/a&amp;amp;gt;,Design
